rank,formula,source,p_superconductor,predicted_tc_K,funnel_score,already_known_supercon,same_element_set_as_known_SC,inferred_family,family_lofo_roc_auc,family_lofo_pr_auc
1,H3S,mp,0.9759404,133.9705,130.74722,True,True,Hydrogen-rich Superconductors,,
2,Ba2Ca2Cu3HgO8,mp,0.9983475,124.652245,124.44626,True,True,Cuprates,0.9592652819112489,0.9975619947569725
3,Ba6Ca6Cu9Hg3O25,mp,0.9994004,123.504234,123.430176,False,True,Cuprates,0.9592652819112489,0.9975619947569725
4,H2S,mp,0.9710461,125.73008,122.0897,True,True,Hydrogen-rich Superconductors,,
5,Ba2Ca4TlCu5O13,mp,0.99952805,115.07611,115.0218,False,True,Cuprates,0.9592652819112489,0.9975619947569725
6,Ba2Ca3TlCu4O11,mp,0.999345,113.98677,113.91211,True,True,Cuprates,0.9592652819112489,0.9975619947569725
7,Ba2CaCu2HgO6,mp,0.99755424,111.24979,110.9777,True,True,Cuprates,0.9592652819112489,0.9975619947569725
8,Ba8Ca4Cu8Hg4O25,mp,0.9990969,108.40629,108.30838,False,True,Cuprates,0.9592652819112489,0.9975619947569725
9,BaSrCa2Tl(CuO3)3,mp,0.99952865,108.235985,108.18497,True,True,Cuprates,0.9592652819112489,0.9975619947569725
10,Ba10Ca5Cu10Hg5O31,mp,0.99920493,107.67594,107.59033,False,True,Cuprates,0.9592652819112489,0.9975619947569725
11,Ba6Ca3Cu6Hg3O19,mp,0.9992422,106.12142,106.041,False,True,Cuprates,0.9592652819112489,0.9975619947569725
12,Ba2Ca3Cu4HgO10,mp,0.99807465,105.03872,104.83648,True,True,Cuprates,0.9592652819112489,0.9975619947569725
13,Ba4Ca4Tl3Cu6O19,mp,0.99864715,102.1615,102.02329,False,True,Cuprates,0.9592652819112489,0.9975619947569725
14,Ba2Ca3Tl2(CuO3)4,mp,0.9979679,100.93156,100.726456,True,True,Cuprates,0.9592652819112489,0.9975619947569725
15,Ba6Ca12Cu15Hg3O37,mp,0.9991335,96.94275,96.85875,False,True,Cuprates,0.9592652819112489,0.9975619947569725
16,CrCuO2,mp,0.93661964,103.05342,96.52186,True,True,Cuprates,0.9592652819112489,0.9975619947569725
17,Ba6Ca15Cu18Hg3O43,mp,0.9991092,96.48023,96.39429,False,True,Cuprates,0.9592652819112489,0.9975619947569725
18,Ba6Ca6Tl5Cu9O29,mp,0.99776804,95.91325,95.69918,False,True,Cuprates,0.9592652819112489,0.9975619947569725
19,Ba2YCu3O7,mp,0.9984158,94.659706,94.50975,True,True,Cuprates,0.9592652819112489,0.9975619947569725
20,Ba2CaTl2(CuO4)2,mp,0.98949665,95.267426,94.2668,True,True,Cuprates,0.9592652819112489,0.9975619947569725
21,Ba2Ca2Tl2Cu3O10,mp,0.9962107,92.32549,91.97565,True,True,Cuprates,0.9592652819112489,0.9975619947569725
22,Ba2CaTlCu2O7,mp,0.9933977,89.65207,89.06016,True,True,Cuprates,0.9592652819112489,0.9975619947569725
23,Ba2TmCu3O7,mp,0.9980951,88.847305,88.67806,True,True,Cuprates,0.9592652819112489,0.9975619947569725
24,BaV2Cu3(HO5)2,mp,0.97043264,91.19752,88.501045,False,False,Cuprates,0.9592652819112489,0.9975619947569725
25,Ba8Cu8O19,mp,0.99290824,88.907486,88.27698,False,True,Cuprates,0.9592652819112489,0.9975619947569725
26,Ba10Y5Cu15O34,mp,0.99947363,85.65296,85.60788,False,True,Cuprates,0.9592652819112489,0.9975619947569725
27,Ba2(CuO2)3,mp,0.97795266,86.461815,84.555565,False,True,Cuprates,0.9592652819112489,0.9975619947569725
28,BaCuO2,mp,0.9718026,86.88402,84.43411,False,True,Cuprates,0.9592652819112489,0.9975619947569725
29,Ba2ErCu3O7,mp,0.9968779,84.68307,84.41868,True,True,Cuprates,0.9592652819112489,0.9975619947569725
30,Ba2HoCu3O7,mp,0.99666375,83.60131,83.322395,True,True,Cuprates,0.9592652819112489,0.9975619947569725
31,Ba4LiY2Cu5O14,mp,0.9952223,83.11861,82.72149,False,True,Cuprates,0.9592652819112489,0.9975619947569725
32,Ba10CaY4(Cu3O7)5,mp,0.99842453,82.692696,82.562416,False,True,Cuprates,0.9592652819112489,0.9975619947569725
33,Ba2CuHgO4,mp,0.9710453,84.478455,82.03241,True,True,Cuprates,0.9592652819112489,0.9975619947569725
34,Ba2Cu2O5,mp,0.97768253,83.89681,82.024445,False,True,Cuprates,0.9592652819112489,0.9975619947569725
35,Ba2NdCu3O7,mp,0.9701965,84.182755,81.67381,True,True,Cuprates,0.9592652819112489,0.9975619947569725
36,Ba2DyCu3O7,mp,0.99739146,81.7709,81.557594,True,True,Cuprates,0.9592652819112489,0.9975619947569725
37,Ba2SmCu3O7,mp,0.9872428,81.90269,80.85784,True,True,Cuprates,0.9592652819112489,0.9975619947569725
38,Ba10Er5Cu15O34,mp,0.99916184,80.420105,80.3527,False,True,Cuprates,0.9592652819112489,0.9975619947569725
39,Ba2GdCu3O7,mp,0.9930219,80.77821,80.21454,True,True,Cuprates,0.9592652819112489,0.9975619947569725
40,BaCu2(PO4)2,mp,0.9879562,80.89062,79.91639,False,False,Cuprates,0.9592652819112489,0.9975619947569725
41,Ba2Li(CuO2)3,mp,0.9890661,80.36831,79.48957,False,False,Cuprates,0.9592652819112489,0.9975619947569725
42,BaSrErCu3O7,mp,0.9975552,79.21082,79.017166,False,True,Cuprates,0.9592652819112489,0.9975619947569725
43,BaCu2P2H2O9,mp,0.9863754,79.90583,78.81715,False,False,Cuprates,0.9592652819112489,0.9975619947569725
44,Ba2LuCu3O7,mp,0.9977938,78.85553,78.68156,True,True,Cuprates,0.9592652819112489,0.9975619947569725
45,CaP2PdO7,mp,0.9436467,82.764694,78.10063,False,False,Other,0.9317276109299397,0.9982561089962048
46,Sr2CaCu2(BiO4)2,mp,0.9660244,80.38249,77.65145,True,True,Bismuthates,0.9566603899084717,0.9873107618568875
47,Ba4Cu3PbO9,mp,0.99852836,77.71575,77.60138,False,False,Cuprates,0.9592652819112489,0.9975619947569725
48,BaSr(CuO2)2,mp,0.9652203,79.49327,76.728516,False,True,Cuprates,0.9592652819112489,0.9975619947569725
49,Ca3Cu3(PO4)4,mp,0.95627666,80.23337,76.725296,False,False,Cuprates,0.9592652819112489,0.9975619947569725
50,Ba10Cu5Hg5O21,mp,0.96187335,79.5173,76.48557,False,True,Cuprates,0.9592652819112489,0.9975619947569725
51,Ba2Na(CuO2)3,mp,0.9862277,77.467545,76.400635,False,False,Cuprates,0.9592652819112489,0.9975619947569725
52,Ba4Y2Cu7O15,mp,0.9984419,76.4448,76.32569,True,True,Cuprates,0.9592652819112489,0.9975619947569725
53,Sr4Ca2TlCu4PbO14,mp,0.998071,76.35736,76.21007,False,True,Cuprates,0.9592652819112489,0.9975619947569725
54,Ba4Y(CuO3)3,mp,0.99653995,76.05631,75.79315,False,True,Cuprates,0.9592652819112489,0.9975619947569725
55,Sr8Ca3NdTl2Cu8(PbO14)2,mp,0.9907232,76.49148,75.78188,False,True,Cuprates,0.9592652819112489,0.9975619947569725
56,Sr3Cu3(PO4)4,mp,0.9740771,77.36602,75.360466,False,False,Cuprates,0.9592652819112489,0.9975619947569725
57,Ba3SrNd2(Cu3O7)2,mp,0.9900221,76.06719,75.308205,False,True,Cuprates,0.9592652819112489,0.9975619947569725
58,Ba2Tm(CuO2)4,mp,0.97803956,76.244675,74.570305,True,True,Cuprates,0.9592652819112489,0.9975619947569725
59,Ba8Sr2Sm5(Cu3O7)5,mp,0.9936312,74.59227,74.1172,False,True,Cuprates,0.9592652819112489,0.9975619947569725
60,Ba2H2Pd(S5O17)2,mp,0.9910238,74.19178,73.52582,False,False,Other,0.9317276109299397,0.9982561089962048
61,Ba4CaCu2CO9,mp,0.9954287,73.38919,73.0537,False,True,Cuprates,0.9592652819112489,0.9975619947569725
62,Sr4CaHoCu6(PbO4)4,mp,0.99159074,73.409004,72.79169,False,True,Cuprates,0.9592652819112489,0.9975619947569725
63,Ba2Er(CuO2)4,mp,0.98112166,74.12264,72.72333,True,True,Cuprates,0.9592652819112489,0.9975619947569725
64,Sr4CaYCu6(PbO4)4,mp,0.99421185,72.93281,72.51066,False,True,Cuprates,0.9592652819112489,0.9975619947569725
65,SrCaCu(PO4)2,mp,0.98106533,73.744934,72.348595,False,True,Cuprates,0.9592652819112489,0.9975619947569725
66,Ba2Cu4As5H3O20,mp,0.9907776,72.994606,72.32142,False,False,Cuprates,0.9592652819112489,0.9975619947569725
67,Sr4CaLaTl2(Cu2O7)2,mp,0.9950747,72.01274,71.65806,False,True,Cuprates,0.9592652819112489,0.9975619947569725
68,Ba10Gd4Y(Cu3O7)5,mp,0.9966227,71.72355,71.481316,False,True,Cuprates,0.9592652819112489,0.9975619947569725
69,BaCuP2O7,mp,0.9881257,72.1883,71.331116,False,False,Cuprates,0.9592652819112489,0.9975619947569725
70,Sr2Ca2Ga(CuO3)3,mp,0.99468046,71.38634,71.00659,True,True,Cuprates,0.9592652819112489,0.9975619947569725
71,Ba10Gd2Y3(Cu3O7)5,mp,0.9958845,70.799515,70.50814,False,True,Cuprates,0.9592652819112489,0.9975619947569725
72,Ba3Cu2(ClO2)2,mp,0.99502015,70.6212,70.269516,False,False,Cuprates,0.9592652819112489,0.9975619947569725
73,Ba2Ho(CuO2)4,mp,0.98307943,71.32842,70.121506,True,True,Cuprates,0.9592652819112489,0.9975619947569725
74,BaP2PdO7,mp,0.97550833,71.698685,69.942665,False,False,Other,0.9317276109299397,0.9982561089962048
75,Ba4GdY(Cu3O7)2,mp,0.99571997,70.112045,69.811966,False,True,Cuprates,0.9592652819112489,0.9975619947569725
76,Ba10PrY4(Cu3O7)5,mp,0.99683255,69.92832,69.706825,False,True,Cuprates,0.9592652819112489,0.9975619947569725
77,Ba10Gd3Y2(Cu3O7)5,mp,0.9957759,69.66381,69.369545,False,True,Cuprates,0.9592652819112489,0.9975619947569725
78,BaCuPClO4,mp,0.9707173,71.04462,68.96424,False,False,Cuprates,0.9592652819112489,0.9975619947569725
79,Ba4Yb(CuO3)3,mp,0.9960789,69.11866,68.84764,False,True,Cuprates,0.9592652819112489,0.9975619947569725
80,Ba10GdY4(Cu3O7)5,mp,0.9961661,68.51903,68.25633,False,True,Cuprates,0.9592652819112489,0.9975619947569725
81,SrCu2(PO4)2,mp,0.9615678,70.90088,68.176,False,False,Cuprates,0.9592652819112489,0.9975619947569725
82,Ba(CuO)2,mp,0.99278015,68.64187,68.146286,False,True,Cuprates,0.9592652819112489,0.9975619947569725
83,Ba3CaLa2(Cu3O7)2,mp,0.997843,68.08955,67.94268,False,True,Cuprates,0.9592652819112489,0.9975619947569725
84,CaCuP2O7,mp,0.95832634,70.80134,67.850784,False,False,Cuprates,0.9592652819112489,0.9975619947569725
85,Ba2LaCu3O7,mp,0.9861435,68.34457,67.39755,True,True,Cuprates,0.9592652819112489,0.9975619947569725
86,BaAuO2,mp,0.9747943,69.104485,67.36266,False,False,Other,0.9317276109299397,0.9982561089962048
87,Ba4Cu3SnO9,mp,0.990361,68.00278,67.3473,False,False,Cuprates,0.9592652819112489,0.9975619947569725
88,BaSrSmCu3O7,mp,0.9934321,67.76157,67.31652,False,True,Cuprates,0.9592652819112489,0.9975619947569725
89,Ca3Cu3(AsO4)4,mp,0.94305193,71.29846,67.23815,False,False,Cuprates,0.9592652819112489,0.9975619947569725
90,Ba2Dy(CuO2)4,mp,0.9858723,67.873634,66.91474,True,True,Cuprates,0.9592652819112489,0.9975619947569725
91,Ba4Y2Cu5PdO14,mp,0.99548966,66.98891,66.68677,False,False,Cuprates,0.9592652819112489,0.9975619947569725
92,Ba2Y(CuO2)4,mp,0.92800814,71.56696,66.41473,True,True,Cuprates,0.9592652819112489,0.9975619947569725
93,Ba14LiY7(Cu10O21)2,mp,0.9600029,69.14417,66.37861,False,True,Cuprates,0.9592652819112489,0.9975619947569725
94,Ba8PrY3(Cu3O7)4,mp,0.9959221,66.52452,66.25324,False,True,Cuprates,0.9592652819112489,0.9975619947569725
95,Cs7Au5O2,mp,0.99684083,65.796005,65.58814,False,False,Other,0.9317276109299397,0.9982561089962048
96,Ba4Sm(CuO3)3,mp,0.99394095,65.925285,65.52584,False,True,Cuprates,0.9592652819112489,0.9975619947569725
97,CaCuGeH2O5,mp,0.9507376,68.78891,65.4002,False,False,Cuprates,0.9592652819112489,0.9975619947569725
98,Ba2CuP2O9,mp,0.9773917,66.68423,65.17661,False,False,Cuprates,0.9592652819112489,0.9975619947569725
99,BaVCu4P4O17,mp,0.9948885,65.470955,65.1363,False,False,Cuprates,0.9592652819112489,0.9975619947569725
100,Ba2Cu(PO4)2,mp,0.98260534,66.17958,65.02841,False,False,Cuprates,0.9592652819112489,0.9975619947569725
101,SrMgCu(PO4)2,mp,0.96981806,67.009926,64.987434,False,False,Cuprates,0.9592652819112489,0.9975619947569725
102,Ba4Ho(CuO3)3,mp,0.990919,65.46087,64.86642,False,True,Cuprates,0.9592652819112489,0.9975619947569725
103,Rb3AuO,mp,0.9815607,66.000656,64.78365,False,False,Other,0.9317276109299397,0.9982561089962048
104,BaSrNdCu3O7,mp,0.99276286,64.704865,64.23659,False,True,Cuprates,0.9592652819112489,0.9975619947569725
105,SrCuP2O7,mp,0.96775424,66.33612,64.19706,False,False,Cuprates,0.9592652819112489,0.9975619947569725
106,Ba8Y4(Cu4O9)3,mp,0.99942386,64.23263,64.19562,False,True,Cuprates,0.9592652819112489,0.9975619947569725
107,CaCuAsHO5,mp,0.95257574,67.39039,64.19445,False,False,Cuprates,0.9592652819112489,0.9975619947569725
108,Ca2Ga2Si(HO4)2,mp,0.9698758,65.407074,63.43674,False,False,Other,0.9317276109299397,0.9982561089962048
109,Cs3AuO,mp,0.98534864,64.00128,63.063576,False,False,Other,0.9317276109299397,0.9982561089962048
110,BaTiCu4P4O17,mp,0.99464107,63.376877,63.037243,False,False,Cuprates,0.9592652819112489,0.9975619947569725
111,SrP2PdO7,mp,0.9567494,65.70871,62.866768,False,False,Other,0.9317276109299397,0.9982561089962048
112,Ca2CuAs2(H2O5)2,mp,0.96253896,65.15848,62.717575,False,False,Cuprates,0.9592652819112489,0.9975619947569725
113,BaCu2Ge3(HO5)2,mp,0.98738873,63.47388,62.673393,False,False,Cuprates,0.9592652819112489,0.9975619947569725
114,Rb7Au5O2,mp,0.99454087,62.568977,62.227406,False,False,Other,0.9317276109299397,0.9982561089962048
115,Ba2Eu(CuO2)4,mp,0.98721814,62.858757,62.055305,True,True,Cuprates,0.9592652819112489,0.9975619947569725
116,K3AuO,mp,0.9526412,64.87143,61.799194,False,False,Other,0.9317276109299397,0.9982561089962048
117,Ba10PrY4(CuO2)20,mp,0.97971207,62.864216,61.588833,False,True,Cuprates,0.9592652819112489,0.9975619947569725
118,Ca7Cu(PtO6)2,mp,0.9777313,62.69078,61.29474,False,False,Cuprates,0.9592652819112489,0.9975619947569725
119,Ba6Y3Cu9O20,mp,0.9991829,61.33572,61.285603,False,True,Cuprates,0.9592652819112489,0.9975619947569725
120,Ba2MnCu(P2O7)2,mp,0.98386604,62.18171,61.17847,False,False,Cuprates,0.9592652819112489,0.9975619947569725
121,Sr4CaYCu4Bi2(PbO8)2,mp,0.99294597,61.59558,61.161083,False,True,Bismuthates,0.9566603899084717,0.9873107618568875
122,BaAu2(SO4)4,mp,0.99374276,61.53812,61.15306,False,False,Other,0.9317276109299397,0.9982561089962048
123,Na3TaZn5(SO4)9,mp,0.99136907,61.621613,61.08976,False,False,Other,0.9317276109299397,0.9982561089962048
124,Sr2Cu(HO)6,mp,0.9779584,62.436096,61.059902,False,False,Cuprates,0.9592652819112489,0.9975619947569725
125,BaSrY(CuO2)4,mp,0.9682105,62.947403,60.94634,False,True,Cuprates,0.9592652819112489,0.9975619947569725
126,Rb12Sn2Bi6O,mp,0.9534687,63.488415,60.534214,False,False,Bismuthates,0.9566603899084717,0.9873107618568875
127,RbNa2AuO2,mp,0.9762215,61.92472,60.452244,False,False,Other,0.9317276109299397,0.9982561089962048
128,Ba4NdY(CuO2)8,mp,0.97364706,62.024944,60.390404,False,True,Cuprates,0.9592652819112489,0.9975619947569725
129,Ba2Gd(CuO2)4,mp,0.9456394,63.67307,60.21176,True,True,Cuprates,0.9592652819112489,0.9975619947569725
130,Rb5Au3O2,mp,0.99003285,60.814762,60.20861,False,False,Other,0.9317276109299397,0.9982561089962048
131,Ba3Er2Cu2PtO10,mp,0.9335059,64.29208,60.01704,False,False,Cuprates,0.9592652819112489,0.9975619947569725
132,CaCu3(P2O7)2,mp,0.9340722,64.18795,59.95618,False,False,Cuprates,0.9592652819112489,0.9975619947569725
133,Sr2Cu(PO4)2,mp,0.96385604,62.17195,59.924812,False,False,Cuprates,0.9592652819112489,0.9975619947569725
134,Sr8CaY3Cu12(PbO4)8,mp,0.96360594,62.05891,59.800335,False,True,Cuprates,0.9592652819112489,0.9975619947569725
135,BaPd(SeO3)2,mp,0.9860562,60.460545,59.617496,False,False,Other,0.9317276109299397,0.9982561089962048
136,Ba4Gd(CuO3)3,mp,0.9781627,60.615986,59.292297,False,True,Cuprates,0.9592652819112489,0.9975619947569725
137,Na3Ta2Zn4P3(SO6)6,mp,0.98644954,60.07019,59.25621,False,False,Other,0.9317276109299397,0.9982561089962048
138,Ba4(PtO3)3,mp,0.930935,63.506493,59.12042,False,False,Other,0.9317276109299397,0.9982561089962048
139,Na18Ta4Zn20Si3(S11O48)3,mp,0.98647934,59.847294,59.03812,False,False,Other,0.9317276109299397,0.9982561089962048
140,Ca4Nb2(SO4)9,mp,0.97662723,60.305676,58.896164,False,False,Other,0.9317276109299397,0.9982561089962048
141,Na6Ta4Zn8Si3(S5O24)3,mp,0.9875288,59.440315,58.699024,False,False,Other,0.9317276109299397,0.9982561089962048
142,Ca4Bi2O,mp,0.971573,60.367397,58.651333,False,False,Bismuthates,0.9566603899084717,0.9873107618568875
143,Rb8AlAu3O4,mp,0.99451506,58.582367,58.261047,False,False,Other,0.9317276109299397,0.9982561089962048
144,CsK2AuO2,mp,0.98409903,58.765816,57.831383,False,False,Other,0.9317276109299397,0.9982561089962048
145,Na9Ta2Zn10P3(S5O24)3,mp,0.984908,58.661373,57.776054,False,False,Other,0.9317276109299397,0.9982561089962048
146,CaCu2(P2O7)2,mp,0.93390924,61.7631,57.68113,False,False,Cuprates,0.9592652819112489,0.9975619947569725
147,CaNbP(SO6)2,mp,0.98798335,58.379356,57.677834,False,False,Other,0.9317276109299397,0.9982561089962048
148,KNa2AuO2,mp,0.96225035,59.873474,57.61327,False,False,Other,0.9317276109299397,0.9982561089962048
149,Ba2Fe3P6HO22,mp,0.9264648,61.778683,57.235775,False,False,Iron-based,0.6621809341899636,0.9091582989307337
150,CaCu(PO3)4,mp,0.9613646,59.522892,57.2232,False,False,Cuprates,0.9592652819112489,0.9975619947569725
151,Sr2CaTlCu2O7,mp,0.9977945,57.220932,57.09473,True,True,Cuprates,0.9592652819112489,0.9975619947569725
152,SrCuH6O5,mp,0.9709995,58.656143,56.955086,False,False,Cuprates,0.9592652819112489,0.9975619947569725
153,Na9TaZn11(SO4)18,mp,0.98374915,57.577892,56.642204,False,False,Other,0.9317276109299397,0.9982561089962048
154,Na3CuB8H17O23,mp,0.9784405,57.774673,56.529083,False,False,Cuprates,0.9592652819112489,0.9975619947569725
155,BaCu2Si2O7,mp,0.920064,61.432823,56.52213,False,False,Cuprates,0.9592652819112489,0.9975619947569725
156,Ba2Cu(PO3)6,mp,0.9841212,57.318,56.40786,False,False,Cuprates,0.9592652819112489,0.9975619947569725
157,Na3Ta4Zn8P3(S5O24)3,mp,0.9892139,57.018314,56.40331,False,False,Other,0.9317276109299397,0.9982561089962048
158,BaCuSF,mp,0.9882852,57.01842,56.35046,False,False,Other,0.9317276109299397,0.9982561089962048
159,Na6Zn6SiSn2S11O48,mp,0.95900494,58.545666,56.145584,False,False,Other,0.9317276109299397,0.9982561089962048
160,Ba14Y7(Cu10O21)2,mp,0.994803,56.37339,56.080418,False,True,Cuprates,0.9592652819112489,0.9975619947569725
161,Ba2Cu2Te2P2O13,mp,0.9664393,57.94172,55.997154,False,False,Cuprates,0.9592652819112489,0.9975619947569725
162,Na9Ta4Zn8P9(SO8)9,mp,0.98348016,56.809124,55.870647,False,False,Other,0.9317276109299397,0.9982561089962048
163,Sr4Cu2O7,mp,0.906305,61.614178,55.84124,False,True,Cuprates,0.9592652819112489,0.9975619947569725
164,Na2Pd(S4O13)2,mp,0.98052514,56.921074,55.812542,False,False,Other,0.9317276109299397,0.9982561089962048
165,Ca4PtO6,mp,0.9756993,56.904762,55.52194,False,False,Other,0.9317276109299397,0.9982561089962048
166,CaAg3P3O13,mp,0.9159381,60.533276,55.444733,False,False,Other,0.9317276109299397,0.9982561089962048
167,Na6Ta8Zn16Si3(S11O48)3,mp,0.98893726,56.0642,55.443977,False,False,Other,0.9317276109299397,0.9982561089962048
168,CaTiCu(PO4)3,mp,0.9840912,56.188694,55.2948,False,False,Cuprates,0.9592652819112489,0.9975619947569725
169,Ba2LiEu(CuO2)4,mp,0.9926399,55.67325,55.26349,False,False,Cuprates,0.9592652819112489,0.9975619947569725
170,NaCu4P2ClO9,mp,0.9169786,60.14535,55.152,False,False,Cuprates,0.9592652819112489,0.9975619947569725
171,Na9Nb4Zn8P9(SO8)9,mp,0.97306734,56.592037,55.067863,False,False,Other,0.9317276109299397,0.9982561089962048
172,CaGa2Cu3(RuO6)2,mp,0.94605136,58.119534,54.984062,False,False,Cuprates,0.9592652819112489,0.9975619947569725
173,Na6HfZn7(SO4)12,mp,0.9801441,55.92059,54.810234,False,False,Other,0.9317276109299397,0.9982561089962048
174,SrAu2(SO4)4,mp,0.9932579,55.173233,54.801247,False,False,Other,0.9317276109299397,0.9982561089962048
175,Na6TiZn7(SO4)12,mp,0.9711884,56.399124,54.774178,False,False,Other,0.9317276109299397,0.9982561089962048
176,Na3Mg8Ta4P3(S5O24)3,mp,0.9918025,54.941746,54.49136,False,False,Other,0.9317276109299397,0.9982561089962048
177,CaMg5P3HCO16,mp,0.993612,54.777466,54.427547,False,False,Other,0.9317276109299397,0.9982561089962048
178,SrZnCu(PO4)2,mp,0.9721432,55.9506,54.391994,False,False,Cuprates,0.9592652819112489,0.9975619947569725
179,CaCuSiH2O5,mp,0.95382416,57.02367,54.390556,False,False,Cuprates,0.9592652819112489,0.9975619947569725
180,Na2Ga2Si3(HO3)4,mp,0.96748203,56.210567,54.382713,False,False,Other,0.9317276109299397,0.9982561089962048
181,Na3Mg8Nb4P3(S5O24)3,mp,0.9902802,54.76657,54.234253,False,False,Other,0.9317276109299397,0.9982561089962048
182,NaTaZn3(SO4)6,mp,0.98718876,54.81282,54.1106,False,False,Other,0.9317276109299397,0.9982561089962048
183,Ca2Zn3Si3PbO12,mp,0.9762555,55.20337,53.89259,False,False,Other,0.9317276109299397,0.9982561089962048
184,Ba8Gd4(Cu4O9)3,mp,0.9989379,53.839493,53.78231,False,True,Cuprates,0.9592652819112489,0.9975619947569725
185,Na3Mg5Ta(SO4)9,mp,0.9933727,54.121162,53.762486,False,False,Other,0.9317276109299397,0.9982561089962048
186,Na5Te2H36AuO28,mp,0.97477156,54.984367,53.5972,False,False,Other,0.9317276109299397,0.9982561089962048
187,KBa4Bi3O,mp,0.98919976,54.144165,53.559395,False,True,Bismuthates,0.9566603899084717,0.9873107618568875
188,Ba2YCu3PbO7,mp,0.9671872,55.362194,53.54561,False,False,Cuprates,0.9592652819112489,0.9975619947569725
189,BaSi2(H3O4)2,mp,0.9944147,53.743546,53.44337,False,False,Other,0.9317276109299397,0.9982561089962048
190,Ba2CuGe2O7,mp,0.9871454,54.090843,53.395527,False,False,Cuprates,0.9592652819112489,0.9975619947569725
191,Na2P4Pd3O14,mp,0.95348907,55.951694,53.349327,False,False,Other,0.9317276109299397,0.9982561089962048
192,Sr2DyCu3(PbO4)2,mp,0.90862364,58.68902,53.32623,True,True,Cuprates,0.9592652819112489,0.9975619947569725
193,Na6Mg16Nb8Si3(S11O48)3,mp,0.9900305,53.850124,53.313267,False,False,Other,0.9317276109299397,0.9982561089962048
194,BaSiP4(HO7)2,mp,0.9894531,53.82427,53.256588,False,False,Other,0.9317276109299397,0.9982561089962048
195,Na2Zn4SiSn4S11O48,mp,0.96842134,54.855972,53.123695,False,False,Other,0.9317276109299397,0.9982561089962048
196,Ba10Cu5O17,mp,0.98964053,53.663303,53.10738,False,True,Cuprates,0.9592652819112489,0.9975619947569725
197,BaSrYCu3PbO7,mp,0.9502743,55.884304,53.10542,False,False,Cuprates,0.9592652819112489,0.9975619947569725
198,Ba3SrTl2Cu2HgO10,mp,0.9540132,55.517765,52.964684,False,False,Cuprates,0.9592652819112489,0.9975619947569725
199,Sr3Ca(CuO2)4,mp,0.7524549,70.368996,52.949493,False,True,Cuprates,0.9592652819112489,0.9975619947569725
200,Na2HfZn3(SO4)6,mp,0.9817616,53.924786,52.941284,False,False,Other,0.9317276109299397,0.9982561089962048
201,Ca2MnAs2(H2O5)2,mp,0.95482767,55.445824,52.941208,False,False,Other,0.9317276109299397,0.9982561089962048
202,Ba4Cu3SeO6,mp,0.9939266,53.25753,52.934074,False,False,Cuprates,0.9592652819112489,0.9975619947569725
203,Sr3CuPtO6,mp,0.9918035,53.197395,52.761364,False,False,Cuprates,0.9592652819112489,0.9975619947569725
204,Ba6Nd2Y(CuO2)12,mp,0.93489635,56.416206,52.743305,False,True,Cuprates,0.9592652819112489,0.9975619947569725
205,Na6Mg16Ta8Si3(S11O48)3,mp,0.9922482,53.13474,52.722847,False,False,Other,0.9317276109299397,0.9982561089962048
206,CaCuAs2O7,mp,0.92370117,57.026066,52.675045,False,False,Cuprates,0.9592652819112489,0.9975619947569725
207,Sr2HoCu3(PbO4)2,mp,0.9350047,56.312153,52.65213,False,False,Cuprates,0.9592652819112489,0.9975619947569725
208,Ba3Pt2O7,mp,0.8701701,60.473866,52.62255,False,False,Other,0.9317276109299397,0.9982561089962048
209,Na3Mg5Nb(SO4)9,mp,0.9930795,52.984653,52.617973,False,False,Other,0.9317276109299397,0.9982561089962048
210,Cs12Sn2Bi6O,mp,0.95508933,55.06136,52.588516,False,False,Bismuthates,0.9566603899084717,0.9873107618568875
211,NaMg3Ta(SO4)6,mp,0.99077517,53.040604,52.55131,False,False,Other,0.9317276109299397,0.9982561089962048
212,Na6ZrZn7(SO4)12,mp,0.97524124,53.876045,52.54214,False,False,Other,0.9317276109299397,0.9982561089962048
213,Na18Nb4Zn20Si3(S11O48)3,mp,0.9813891,53.49889,52.503227,False,False,Other,0.9317276109299397,0.9982561089962048
214,Na3NbZn5(SO4)9,mp,0.98818177,53.11004,52.482372,False,False,Other,0.9317276109299397,0.9982561089962048
215,BaAgO2,mp,0.96215004,54.537594,52.473347,False,False,Other,0.9317276109299397,0.9982561089962048
216,Na6Nb4Zn8Si3(S5O24)3,mp,0.98080206,53.494144,52.467167,False,False,Other,0.9317276109299397,0.9982561089962048
217,Na6Nb8Zn16Si3(S11O48)3,mp,0.98561907,53.036808,52.27409,False,False,Other,0.9317276109299397,0.9982561089962048
218,Ba2Cu4Te4Cl4O11,mp,0.96351707,54.227116,52.248753,False,False,Cuprates,0.9592652819112489,0.9975619947569725
219,BaCu2Te2(ClO3)2,mp,0.9636864,54.21561,52.246845,False,False,Cuprates,0.9592652819112489,0.9975619947569725
220,Ba10Y5(Cu5O11)3,mp,0.9990632,51.94947,51.900803,False,True,Cuprates,0.9592652819112489,0.9975619947569725
221,CaH4Se2O7,mp,0.9710389,53.415546,51.868572,False,False,Other,0.9317276109299397,0.9982561089962048
222,Li4Fe3Cu3(SbO8)2,mp,0.8956966,57.829445,51.797634,False,False,Iron-based,0.6621809341899636,0.9091582989307337
223,Ba51(Pd12O5)2,mp,0.9923539,52.168007,51.769127,False,False,Other,0.9317276109299397,0.9982561089962048
224,BaCu2(AsO4)2,mp,0.98060536,52.740433,51.717552,False,False,Cuprates,0.9592652819112489,0.9975619947569725
225,Ba4Tl2Cu2HgO10,mp,0.9341508,55.358154,51.712864,False,True,Cuprates,0.9592652819112489,0.9975619947569725
226,Sr3CdPtO6,mp,0.9903998,52.206085,51.704895,False,False,Other,0.9317276109299397,0.9982561089962048
227,Ba2SrY2Cu2PtO10,mp,0.9341686,55.348015,51.704376,False,False,Cuprates,0.9592652819112489,0.9975619947569725
228,BaFeP3H2O11,mp,0.9734841,53.039745,51.63335,False,False,Iron-based,0.6621809341899636,0.9091582989307337
229,BaCu2Ge2O7,mp,0.9631676,53.579247,51.605793,False,False,Cuprates,0.9592652819112489,0.9975619947569725
230,CaSiSn3S5O24,mp,0.9794739,52.644108,51.56353,False,False,Other,0.9317276109299397,0.9982561089962048
231,Ba2Lu(CuO2)3,mp,0.9852802,52.310913,51.54091,False,True,Cuprates,0.9592652819112489,0.9975619947569725
232,Sr2Cu2O5,mp,0.82649267,62.3565,51.53719,False,True,Cuprates,0.9592652819112489,0.9975619947569725
233,RbAuO2,mp,0.98268014,52.440582,51.53232,False,False,Other,0.9317276109299397,0.9982561089962048
234,KAuO2,mp,0.9796688,52.59984,51.53042,False,False,Other,0.9317276109299397,0.9982561089962048
235,Na6Mg4Ga4SiS11O48,mp,0.9578056,53.71718,51.45061,False,False,Other,0.9317276109299397,0.9982561089962048
236,Na9Nb2Zn10P3(S5O24)3,mp,0.9788423,52.482216,51.371815,False,False,Other,0.9317276109299397,0.9982561089962048
237,Na2TiZn3(SO4)6,mp,0.9717551,52.864456,51.371304,False,False,Other,0.9317276109299397,0.9982561089962048
238,NaAu(SO4)2,mp,0.9683405,53.043514,51.364185,False,False,Other,0.9317276109299397,0.9982561089962048
239,NaAu(S2O7)2,mp,0.97342527,52.681507,51.28151,False,False,Other,0.9317276109299397,0.9982561089962048
240,Cs3AuO2,mp,0.9744572,52.607037,51.263306,False,False,Other,0.9317276109299397,0.9982561089962048
241,Ba3Sr5Tl5Cu3O19,mp,0.91406626,55.964264,51.155045,False,True,Cuprates,0.9592652819112489,0.9975619947569725
242,Na6Mg4In4SiS11O48,mp,0.9550983,53.513206,51.11037,False,False,Other,0.9317276109299397,0.9982561089962048
243,Na4GeH28(Se2O7)2,mp,0.9763209,52.28854,51.050396,False,False,Other,0.9317276109299397,0.9982561089962048
244,Ba2H8PtO8,mp,0.99408877,51.29811,50.994877,False,False,Other,0.9317276109299397,0.9982561089962048
245,Ba2Ca(PdO2)3,mp,0.9722872,52.44251,50.989178,False,False,Other,0.9317276109299397,0.9982561089962048
246,CaVCuHO5,mp,0.91682446,55.391483,50.784267,False,False,Cuprates,0.9592652819112489,0.9975619947569725
247,Na9NbZn11(SO4)18,mp,0.9787258,51.83209,50.7294,False,False,Other,0.9317276109299397,0.9982561089962048
248,Ca3CuIrO6,mp,0.98894227,51.25551,50.68874,False,False,Cuprates,0.9592652819112489,0.9975619947569725
249,SrTiCu4P4O17,mp,0.98998135,51.19734,50.68441,False,False,Cuprates,0.9592652819112489,0.9975619947569725
250,CaH4Se2O9,mp,0.9795793,51.716873,50.660778,False,False,Other,0.9317276109299397,0.9982561089962048
251,Na3Nb4Zn8P3(S5O24)3,mp,0.9851232,51.41038,50.64556,False,False,Other,0.9317276109299397,0.9982561089962048
252,CaBe2(PO4)2,mp,0.9637361,52.306396,50.409565,False,False,Other,0.9317276109299397,0.9982561089962048
253,NaMg3Nb(SO4)6,mp,0.98910064,50.924618,50.36957,False,False,Other,0.9317276109299397,0.9982561089962048
254,K2ZnCu3P3O12F,mp,0.97000724,51.890213,50.33388,False,False,Cuprates,0.9592652819112489,0.9975619947569725
255,Ba2Sm(CuO2)4,mp,0.967361,52.0109,50.313313,True,True,Cuprates,0.9592652819112489,0.9975619947569725
256,CaZn(SiO3)2,mp,0.93376046,53.767338,50.205814,False,False,Other,0.9317276109299397,0.9982561089962048
257,CsCu3O2,mp,0.9957302,50.303783,50.088997,False,False,Cuprates,0.9592652819112489,0.9975619947569725
258,Na3Nb2Zn4P3(SO6)6,mp,0.979153,51.068455,50.00383,False,False,Other,0.9317276109299397,0.9982561089962048
259,Na2ZrZn3(SO4)6,mp,0.9774934,51.101173,49.95106,False,False,Other,0.9317276109299397,0.9982561089962048
260,BaSr2Y2Cu2PtO10,mp,0.9576635,52.15166,49.94374,False,False,Cuprates,0.9592652819112489,0.9975619947569725
261,NaCu5Sb2As6(H9O17)2,mp,0.9633283,51.802185,49.90251,False,False,Cuprates,0.9592652819112489,0.9975619947569725
262,CsCuO,mp,0.99523526,50.09618,49.857487,False,False,Cuprates,0.9592652819112489,0.9975619947569725
263,CsCuO2,mp,0.9883442,50.37581,49.78864,False,False,Cuprates,0.9592652819112489,0.9975619947569725
264,Na6Al4Zn4SiS11O48,mp,0.94342196,52.72235,49.739426,False,False,Other,0.9317276109299397,0.9982561089962048
265,KLa(CuO2)2,mp,0.97974867,50.759754,49.7318,False,True,Cuprates,0.9592652819112489,0.9975619947569725
266,Na6Ti2Zn6SiS11O48,mp,0.9635806,51.562355,49.684486,False,False,Other,0.9317276109299397,0.9982561089962048
267,NaCu2H3O10,mp,0.97482204,50.95936,49.676304,False,False,Cuprates,0.9592652819112489,0.9975619947569725
268,LiCu2BP2(HO5)2,mp,0.9598129,51.68743,49.610264,False,False,Cuprates,0.9592652819112489,0.9975619947569725
269,Ba4Sc2Cu2O9,mp,0.962573,51.50192,49.574356,False,False,Cuprates,0.9592652819112489,0.9975619947569725
270,Ba4Y2Cu6NiO15,mp,0.9994287,49.60068,49.572346,False,True,Cuprates,0.9592652819112489,0.9975619947569725
271,Na6Mg6SiSn2S11O48,mp,0.9613644,51.54677,49.555225,False,False,Other,0.9317276109299397,0.9982561089962048
272,Na3Ca8Ta4P3(S5O24)3,mp,0.9893385,50.088657,49.554638,False,False,Other,0.9317276109299397,0.9982561089962048
273,Ba2Cu2Te4Br2O11,mp,0.98157114,50.42951,49.50015,False,False,Cuprates,0.9592652819112489,0.9975619947569725
274,Na2Ti3Zn5(SO4)12,mp,0.98588204,50.1377,49.42986,False,False,Other,0.9317276109299397,0.9982561089962048
275,Na6Zn4In4SiS11O48,mp,0.94790655,52.07834,49.3654,False,False,Other,0.9317276109299397,0.9982561089962048
276,Sr2CuH2(SeO3)4,mp,0.98010695,50.3225,49.32143,False,False,Cuprates,0.9592652819112489,0.9975619947569725
277,Na6Ca16Ta8Si3(S11O48)3,mp,0.9891517,49.86149,49.320576,False,False,Other,0.9317276109299397,0.9982561089962048
278,Ba4Ce(CuO3)3,mp,0.97885054,50.36723,49.30199,False,False,Cuprates,0.9592652819112489,0.9975619947569725
279,PH3,mp,0.9467105,51.990887,49.220318,False,False,Hydrogen-rich Superconductors,,
280,Na2Cd3Si3O10,mp,0.9429215,52.08609,49.113094,False,False,Other,0.9317276109299397,0.9982561089962048
281,Ba2CuSi2O7,mp,0.88528377,55.412407,49.055706,False,False,Cuprates,0.9592652819112489,0.9975619947569725
282,Ba2Sr2Y2Cu6O13,mp,0.9988171,49.07868,49.020622,False,True,Cuprates,0.9592652819112489,0.9975619947569725
283,Ba2Cu7(AsO4)6,mp,0.97888994,50.054672,48.998016,False,False,Cuprates,0.9592652819112489,0.9975619947569725
284,Na2Hf3Zn5(SO4)12,mp,0.98845136,49.48943,48.917892,False,False,Other,0.9317276109299397,0.9982561089962048
285,Ca2Al2Si6Sn(H3O11)2,mp,0.96071756,50.906307,48.90658,False,False,Other,0.9317276109299397,0.9982561089962048
286,CaFe2P3HO12,mp,0.89564764,54.50322,48.81568,False,False,Iron-based,0.6621809341899636,0.9091582989307337
287,Ba3Ho2Cu2PtO10,mp,0.92631024,52.533928,48.662716,False,False,Cuprates,0.9592652819112489,0.9975619947569725
288,Na2Pd(NO3)4,mp,0.9532756,51.01923,48.635387,False,False,Other,0.9317276109299397,0.9982561089962048
289,BaBe2(PO4)2,mp,0.98679686,49.283756,48.633057,False,False,Other,0.9317276109299397,0.9982561089962048
290,Na3Ca8Nb4P3(S5O24)3,mp,0.9865802,49.28291,48.621544,False,False,Other,0.9317276109299397,0.9982561089962048
291,Ba2Cu3(BrO2)2,mp,0.98833454,49.189873,48.61605,False,False,Cuprates,0.9592652819112489,0.9975619947569725
292,RbCuO2,mp,0.93260765,52.114716,48.60258,False,False,Cuprates,0.9592652819112489,0.9975619947569725
293,Na2Hf3Mg5(SO4)12,mp,0.9909734,49.03074,48.588158,False,False,Other,0.9317276109299397,0.9982561089962048
294,BaPd(IO3)4,mp,0.9805839,49.536045,48.57425,False,False,Other,0.9317276109299397,0.9982561089962048
295,NaNbZn3(SO4)6,mp,0.9851378,49.29899,48.5663,False,False,Other,0.9317276109299397,0.9982561089962048
296,Na3TiZn3PS5O24,mp,0.95869935,50.582466,48.493378,False,False,Other,0.9317276109299397,0.9982561089962048
297,Na6Ca16Nb8Si3(S11O48)3,mp,0.9855575,49.20334,48.492718,False,False,Other,0.9317276109299397,0.9982561089962048
298,Sr2ErCu3(PbO4)2,mp,0.93470174,51.79495,48.41283,False,False,Cuprates,0.9592652819112489,0.9975619947569725
299,Na3Ti2Zn2P3(SO8)3,mp,0.9776169,49.466682,48.359467,False,False,Other,0.9317276109299397,0.9982561089962048
300,Na2Ti2Zn2SiS5O24,mp,0.97017384,49.839233,48.35272,False,False,Other,0.9317276109299397,0.9982561089962048
301,Na6Zn4Ga4SiS11O48,mp,0.9357294,51.572956,48.25833,False,False,Other,0.9317276109299397,0.9982561089962048
302,Na6Hf2Zn6SiS11O48,mp,0.977478,49.173336,48.065857,False,False,Other,0.9317276109299397,0.9982561089962048
303,BaPdO3,mp,0.72224915,66.477585,48.01338,False,False,Other,0.9317276109299397,0.9982561089962048
304,Na2Mg5Zr3(SO4)12,mp,0.9919647,48.346184,47.957706,False,False,Other,0.9317276109299397,0.9982561089962048
305,Na3HfZn3PS5O24,mp,0.973916,49.173336,47.890697,False,False,Other,0.9317276109299397,0.9982561089962048
306,Ca3CuRhO6,mp,0.9800613,48.674816,47.704304,False,False,Cuprates,0.9592652819112489,0.9975619947569725
307,NaTiZnP(SO6)2,mp,0.972298,49.02777,47.669605,False,False,Other,0.9317276109299397,0.9982561089962048
308,Na6Cu9(PO4)8,mp,0.86979246,54.800354,47.664936,False,False,Cuprates,0.9592652819112489,0.9975619947569725
309,SrFe3P4HO16,mp,0.92499954,51.522633,47.658413,False,False,Iron-based,0.6621809341899636,0.9091582989307337
310,NaSr3IrO6,mp,0.9600453,49.614876,47.632526,False,False,Other,0.9317276109299397,0.9982561089962048
311,Ba3Y2Cu2PtO10,mp,0.920465,51.709793,47.597054,False,True,Cuprates,0.9592652819112489,0.9975619947569725
312,Ba2Cu3(ClO2)2,mp,0.96858335,49.108906,47.566067,False,False,Cuprates,0.9592652819112489,0.9975619947569725
313,Na9Mg8Ta4P9(SO8)9,mp,0.9845213,48.297997,47.550407,False,False,Other,0.9317276109299397,0.9982561089962048
314,Li8Fe7Sb(PO4)12,mp,0.8708107,54.53541,47.49002,False,False,Iron-based,0.6621809341899636,0.9091582989307337
315,LiAu(S2O7)2,mp,0.9662447,49.14689,47.48792,False,False,Other,0.9317276109299397,0.9982561089962048
316,NaCa3Ta(SO4)6,mp,0.9857702,48.170616,47.48516,False,False,Other,0.9317276109299397,0.9982561089962048
317,CaAs2(HO2)4,mp,0.9641585,49.18734,47.42439,False,False,Other,0.9317276109299397,0.9982561089962048
318,Sr2CuSi2O7,mp,0.80904615,58.586224,47.39896,False,False,Cuprates,0.9592652819112489,0.9975619947569725
319,Na2Cu2Si5(H3O8)2,mp,0.97111917,48.785675,47.376705,False,False,Cuprates,0.9592652819112489,0.9975619947569725
320,Sr3ZnPtO6,mp,0.98726916,47.9798,47.368977,False,False,Other,0.9317276109299397,0.9982561089962048
321,SrZnCr(PO4)2,mp,0.98222846,48.20925,47.352497,False,False,Other,0.9317276109299397,0.9982561089962048
322,Na3Zr2Zn2P3(SO8)3,mp,0.98017794,48.291386,47.334152,False,False,Other,0.9317276109299397,0.9982561089962048
323,Na3Mg4Ta2P3(SO6)6,mp,0.98803014,47.90318,47.329784,False,False,Other,0.9317276109299397,0.9982561089962048
324,NaHfZnP(SO6)2,mp,0.9833693,48.12469,47.324345,False,False,Other,0.9317276109299397,0.9982561089962048
325,LiGaBH3O5,mp,0.9846473,48.054413,47.316647,False,False,Other,0.9317276109299397,0.9982561089962048
326,Li5Cu6(P2O7)4,mp,0.8826271,53.565166,47.27807,False,False,Cuprates,0.9592652819112489,0.9975619947569725
327,Ba2Nd(CuO2)3,mp,0.78179306,60.461754,47.268578,False,True,Cuprates,0.9592652819112489,0.9975619947569725
328,NaZnSiHO4,mp,0.93948376,50.289486,47.246155,False,False,Other,0.9317276109299397,0.9982561089962048
329,Na2Zr3Zn5(SO4)12,mp,0.9883046,47.779716,47.220913,False,False,Other,0.9317276109299397,0.9982561089962048
330,Sr19Cu19O41,mp,0.84257036,56.028168,47.207672,False,True,Cuprates,0.9592652819112489,0.9975619947569725
331,Na2Mg4SiSn4S11O48,mp,0.96350014,48.949898,47.163235,False,False,Other,0.9317276109299397,0.9982561089962048
332,Ba3CaLa2Cu6O13,mp,0.99890363,47.17866,47.126938,False,True,Cuprates,0.9592652819112489,0.9975619947569725
333,BaCu(SeO3)2,mp,0.9678632,48.65706,47.093376,False,False,Cuprates,0.9592652819112489,0.9975619947569725
334,Na2Zr2Zn2SiS5O24,mp,0.98056865,47.98424,47.05184,False,False,Other,0.9317276109299397,0.9982561089962048
335,Sr3CuRhO6,mp,0.98553467,47.65443,46.96509,False,False,Cuprates,0.9592652819112489,0.9975619947569725
336,CaMnZnAs2H3O10,mp,0.96038085,48.83212,46.89743,False,False,Other,0.9317276109299397,0.9982561089962048
337,Na2Zn3Ge(SO4)6,mp,0.95161337,49.251846,46.868713,False,False,Other,0.9317276109299397,0.9982561089962048
338,BaCu(SiO3)2,mp,0.90141845,51.98342,46.858814,False,False,Cuprates,0.9592652819112489,0.9975619947569725
339,NaZrZnP(SO6)2,mp,0.98143345,47.63391,46.749516,False,False,Other,0.9317276109299397,0.9982561089962048
340,Sr2TmGaCu2O7,mp,0.9909418,47.12963,46.70272,False,False,Cuprates,0.9592652819112489,0.9975619947569725
341,Ca2CrH2I2O11,mp,0.9842551,47.432663,46.68584,False,False,Other,0.9317276109299397,0.9982561089962048
342,NaCu2H3(SO5)2,mp,0.96771026,48.175488,46.619915,False,False,Cuprates,0.9592652819112489,0.9975619947569725
343,Na4Cu7P4(ClO9)2,mp,0.83654517,55.660316,46.56237,False,False,Cuprates,0.9592652819112489,0.9975619947569725
344,Sr8Cu8O17,mp,0.82561904,56.39267,46.55886,False,True,Cuprates,0.9592652819112489,0.9975619947569725
345,Na2Cu4P2ClO9,mp,0.86686075,53.64726,46.504704,False,False,Cuprates,0.9592652819112489,0.9975619947569725
346,LiMgCr3Se2(SO6)4,mp,0.9450363,49.198883,46.49473,False,False,Other,0.9317276109299397,0.9982561089962048
347,SrCa(CuO2)2,mp,0.67129296,69.23366,46.476067,False,True,Cuprates,0.9592652819112489,0.9975619947569725
348,Na2Cu3(GeO3)4,mp,0.92647994,50.155087,46.46768,False,False,Cuprates,0.9592652819112489,0.9975619947569725
349,Ba2CuO3,mp,0.8621843,53.795887,46.38197,False,True,Cuprates,0.9592652819112489,0.9975619947569725
350,BaVP2(H2O5)2,mp,0.99362826,46.651554,46.3543,False,False,Other,0.9317276109299397,0.9982561089962048
351,BaV2H2(Se2O7)2,mp,0.9926766,46.681423,46.339558,False,False,Other,0.9317276109299397,0.9982561089962048
352,Na2Hf2Zn2SiS5O24,mp,0.9825429,47.156906,46.333683,False,False,Other,0.9317276109299397,0.9982561089962048
353,BaAg(PO3)3,mp,0.9867093,46.907646,46.28421,False,False,Other,0.9317276109299397,0.9982561089962048
354,Sr2CuO4,mp,0.8883405,52.099827,46.282383,False,True,Cuprates,0.9592652819112489,0.9975619947569725
355,Cs3Cu5O4,mp,0.9977575,46.375294,46.271297,False,False,Cuprates,0.9592652819112489,0.9975619947569725
356,LiCu5P3O13,mp,0.89669937,51.51575,46.19414,False,False,Cuprates,0.9592652819112489,0.9975619947569725
357,Sr7Ca(IrO6)2,mp,0.94821686,48.674374,46.153862,False,False,Other,0.9317276109299397,0.9982561089962048
358,Ba4PrY(CuO2)8,mp,0.9637171,47.866844,46.130096,False,True,Cuprates,0.9592652819112489,0.9975619947569725
359,CaFe2Sb2(PO4)6,mp,0.9648008,47.781128,46.09927,False,False,Iron-based,0.6621809341899636,0.9091582989307337
360,BaCuTe2O7,mp,0.96516633,47.750896,46.08756,False,False,Cuprates,0.9592652819112489,0.9975619947569725
361,Na2Mg3Ge(SO4)6,mp,0.96921754,47.53394,46.07073,False,False,Other,0.9317276109299397,0.9982561089962048
362,CaSb4H6(SO8)2,mp,0.9804104,46.974274,46.054066,False,False,Other,0.9317276109299397,0.9982561089962048
363,Na4CuP6(H4O11)2,mp,0.96868324,47.541286,46.05245,False,False,Cuprates,0.9592652819112489,0.9975619947569725
364,Li4Fe3Cu3(SnO8)2,mp,0.8624465,53.38748,46.043846,False,False,Iron-based,0.6621809341899636,0.9091582989307337
365,Ba2Cu3BrClO4,mp,0.9843053,46.74421,46.010574,False,False,Cuprates,0.9592652819112489,0.9975619947569725
366,Sr2Ca2IrO6,mp,0.9305423,49.436543,46.002792,False,False,Other,0.9317276109299397,0.9982561089962048
367,Na2SnGe2(HO4)2,mp,0.9753278,47.163834,46.0002,False,False,Other,0.9317276109299397,0.9982561089962048
368,Ba10Ho5(Cu5O11)3,mp,0.99888486,46.036465,45.985126,False,True,Cuprates,0.9592652819112489,0.9975619947569725
369,Ba3As2H34O25,mp,0.98094773,46.847546,45.954994,False,False,Other,0.9317276109299397,0.9982561089962048
370,Ba4Bi2O,mp,0.9933221,46.24286,45.93405,False,False,Bismuthates,0.9566603899084717,0.9873107618568875
371,Ca3PbO,mp,0.96353966,47.67207,45.93393,False,False,Other,0.9317276109299397,0.9982561089962048
372,NaSr11(PtO6)3,mp,0.95371324,48.136856,45.908756,False,False,Other,0.9317276109299397,0.9982561089962048
373,Ca2ZnSi2O7,mp,0.9242431,49.662556,45.900272,False,False,Other,0.9317276109299397,0.9982561089962048
374,Li3Fe4SbO8,mp,0.9075674,50.56503,45.89117,False,False,Iron-based,0.6621809341899636,0.9091582989307337
375,Na2Mg5Ti3(SO4)12,mp,0.9922793,46.18566,45.829075,False,False,Other,0.9317276109299397,0.9982561089962048
376,Ba3Zn6Si4TeO20,mp,0.98275244,46.584587,45.781116,False,False,Other,0.9317276109299397,0.9982561089962048
377,CaMg5P3CO16,mp,0.9869927,46.340557,45.737793,False,False,Other,0.9317276109299397,0.9982561089962048
378,Ca8Cr(PO4)7,mp,0.9238496,49.49904,45.729668,False,False,Other,0.9317276109299397,0.9982561089962048
379,CsAuO2,mp,0.9798964,46.51494,45.579823,False,False,Other,0.9317276109299397,0.9982561089962048
380,Ba4Tm2Cu6O13,mp,0.998887,45.606174,45.555416,False,True,Cuprates,0.9592652819112489,0.9975619947569725
381,KAu(SO4)2,mp,0.99047285,45.98724,45.549114,False,False,Other,0.9317276109299397,0.9982561089962048
382,Ba2Tl2CuO6,mp,0.96816045,47.022083,45.52492,True,True,Cuprates,0.9592652819112489,0.9975619947569725
383,Na6Ca4In4SiS11O48,mp,0.95956725,47.432484,45.514656,False,False,Other,0.9317276109299397,0.9982561089962048
384,Na3Ca5Ta(SO4)9,mp,0.9892564,45.997044,45.50287,False,False,Other,0.9317276109299397,0.9982561089962048
385,SrVCuHO5,mp,0.9743971,46.672165,45.477222,False,False,Cuprates,0.9592652819112489,0.9975619947569725
386,Na6Zr2Zn6SiS11O48,mp,0.97078425,46.801563,45.43422,False,False,Other,0.9317276109299397,0.9982561089962048
387,CaZnSiH2O5,mp,0.9613969,47.21168,45.389164,False,False,Other,0.9317276109299397,0.9982561089962048
388,SrCaZnSi2O7,mp,0.97109365,46.718445,45.367985,False,False,Other,0.9317276109299397,0.9982561089962048
389,Mg2Cu2P2(H4O5)3,mp,0.9320404,48.63729,45.33192,False,False,Cuprates,0.9592652819112489,0.9975619947569725
390,Na2Ca4SiSn4S11O48,mp,0.9630326,47.06851,45.328506,False,False,Other,0.9317276109299397,0.9982561089962048
391,BaCuAs2O7,mp,0.9801805,46.218937,45.302902,False,False,Cuprates,0.9592652819112489,0.9975619947569725
392,LiMgCr3(SO4)6,mp,0.9554073,47.377563,45.26487,False,False,Other,0.9317276109299397,0.9982561089962048
393,LiCr3Ni(SO4)6,mp,0.9595735,47.164803,45.258095,False,False,Other,0.9317276109299397,0.9982561089962048
394,Rb3Cu5O4,mp,0.9858116,45.90583,45.2545,False,False,Cuprates,0.9592652819112489,0.9975619947569725
395,Ca6HfO8,mp,0.9887384,45.72191,45.20701,False,False,Other,0.9317276109299397,0.9982561089962048
396,Ba4La2Cu6O13,mp,0.99648285,45.362312,45.202766,False,True,Cuprates,0.9592652819112489,0.9975619947569725
397,NaTl3Cu4(TeO6)2,mp,0.98540306,45.851604,45.182312,False,False,Cuprates,0.9592652819112489,0.9975619947569725
398,Ba2ScCuO4,mp,0.9192745,49.14698,45.179565,False,False,Cuprates,0.9592652819112489,0.9975619947569725
399,Na10Mg4Zn4SiS11O48,mp,0.9390314,48.0783,45.147034,False,False,Other,0.9317276109299397,0.9982561089962048
400,LiCu4(PO4)3,mp,0.85432595,52.827103,45.131565,False,False,Cuprates,0.9592652819112489,0.9975619947569725
401,NaCu2(SO5)2,mp,0.829902,54.372528,45.12387,False,False,Cuprates,0.9592652819112489,0.9975619947569725
402,Li8Fe7Te(PO4)12,mp,0.8704141,51.788303,45.077267,False,False,Iron-based,0.6621809341899636,0.9091582989307337
403,SrCuAs2O7,mp,0.89351887,50.40455,45.037415,False,False,Cuprates,0.9592652819112489,0.9975619947569725
404,Li4Fe3Cu3(TeO8)2,mp,0.91393834,49.24311,45.005165,False,False,Iron-based,0.6621809341899636,0.9091582989307337
405,Li8Fe7Sn(PO4)12,mp,0.87742263,51.270668,44.986046,False,False,Iron-based,0.6621809341899636,0.9091582989307337
406,Ca2Si3PbO9,mp,0.9563605,46.971493,44.92168,False,False,Other,0.9317276109299397,0.9982561089962048
407,Na3ScZn3(SO4)6,mp,0.9682413,46.31592,44.844986,False,False,Other,0.9317276109299397,0.9982561089962048
408,CdH20N6OF2,mp,0.8987421,49.87452,44.82433,False,False,Other,0.9317276109299397,0.9982561089962048
409,LiCu2(SO4)3,mp,0.85014683,52.719986,44.81973,False,False,Cuprates,0.9592652819112489,0.9975619947569725
410,Ca3Cu2Ni(PO4)4,mp,0.9630974,46.4938,44.778057,False,False,Cuprates,0.9592652819112489,0.9975619947569725
411,Na2Cu(NO3)4,mp,0.93527573,47.86714,44.768974,False,False,Cuprates,0.9592652819112489,0.9975619947569725
412,NaTa2Zn2P3(SO8)3,mp,0.9864879,45.288292,44.676353,False,False,Other,0.9317276109299397,0.9982561089962048
413,Sr2ErGaCu2O7,mp,0.9710693,45.945477,44.61624,False,False,Cuprates,0.9592652819112489,0.9975619947569725
414,Na2CuPCO7,mp,0.9307114,47.927017,44.60622,False,False,Cuprates,0.9592652819112489,0.9975619947569725
415,MgAsH16NO10,mp,0.94020426,47.42339,44.587673,False,False,Other,0.9317276109299397,0.9982561089962048
416,Na2Mg3Zr(SO4)6,mp,0.9863007,45.196346,44.577187,False,False,Other,0.9317276109299397,0.9982561089962048
417,CaAgAsO4,mp,0.9432198,47.235466,44.553425,False,False,Other,0.9317276109299397,0.9982561089962048
418,SrCa3IrO6,mp,0.94090736,47.324177,44.527668,False,False,Other,0.9317276109299397,0.9982561089962048
419,Sr2H8PtO8,mp,0.9911624,44.80689,44.410904,False,False,Other,0.9317276109299397,0.9982561089962048
420,Na3ZrZn3PS5O24,mp,0.9668354,45.912113,44.389454,False,False,Other,0.9317276109299397,0.9982561089962048
421,CaMnAs2(H3O5)2,mp,0.9729652,45.588818,44.35633,False,False,Other,0.9317276109299397,0.9982561089962048
422,Na2CuH4(SO5)2,mp,0.9760886,45.441635,44.35506,False,False,Cuprates,0.9592652819112489,0.9975619947569725
423,Li2InFe(P2O7)2,mp,0.95585454,46.381287,44.333763,False,False,Iron-based,0.6621809341899636,0.9091582989307337
424,NaTi2Zn2PS5O24,mp,0.98336077,44.96855,44.22031,False,False,Other,0.9317276109299397,0.9982561089962048
425,Na6Zn7Ge(SO4)12,mp,0.94381034,46.848618,44.21621,False,False,Other,0.9317276109299397,0.9982561089962048
426,CsAuO,mp,0.99680907,44.352577,44.211052,False,False,Other,0.9317276109299397,0.9982561089962048
427,Sr7Cu2HgBiSbO15,mp,0.98728895,44.77839,44.20921,False,False,Bismuthates,0.9566603899084717,0.9873107618568875
428,Na2Cu4H5(SO5)4,mp,0.9628955,45.91231,44.20876,False,False,Cuprates,0.9592652819112489,0.9975619947569725
429,K3(CuO2)2,mp,0.8671898,50.964684,44.196056,False,False,Cuprates,0.9592652819112489,0.9975619947569725
430,Na2Ti4Zn4SiS11O48,mp,0.9826523,44.96855,44.18845,False,False,Other,0.9317276109299397,0.9982561089962048
431,NaMg2Zr2PS5O24,mp,0.98770344,44.701656,44.15198,False,False,Other,0.9317276109299397,0.9982561089962048
432,Na3Si2Sn2PO12,mp,0.95256585,46.31632,44.119343,False,False,Other,0.9317276109299397,0.9982561089962048
433,K3Pt2(SO4)6,mp,0.98705065,44.69264,44.1139,False,False,Other,0.9317276109299397,0.9982561089962048
434,BaH9IO5,mp,0.98536116,44.761265,44.10601,False,False,Other,0.9317276109299397,0.9982561089962048
435,Sr2YCu3O7,mp,0.9935516,44.389652,44.10341,False,True,Cuprates,0.9592652819112489,0.9975619947569725
436,Na2Hf4Zn4SiS11O48,mp,0.9840342,44.807575,44.092186,False,False,Other,0.9317276109299397,0.9982561089962048
437,CaH18Br2O9,mp,0.9735764,45.240646,44.045227,False,False,Other,0.9317276109299397,0.9982561089962048
438,Na2Mg4Zr4SiS11O48,mp,0.9868939,44.62948,44.04456,False,False,Other,0.9317276109299397,0.9982561089962048
439,Na3Mg4Nb2P3(SO6)6,mp,0.9866925,44.63329,44.03933,False,False,Other,0.9317276109299397,0.9982561089962048
440,BaMg2V6(Cu4O13)2,mp,0.91831094,47.87164,43.961052,False,False,Cuprates,0.9592652819112489,0.9975619947569725
441,Ca3Ge3(RhO6)2,mp,0.89870965,48.891727,43.93947,False,False,Other,0.9317276109299397,0.9982561089962048
442,Na2GeH14S3O7,mp,0.9843025,44.62073,43.9203,False,False,Other,0.9317276109299397,0.9982561089962048
443,NaCuP2O7,mp,0.8272606,53.08018,43.911144,False,False,Cuprates,0.9592652819112489,0.9975619947569725
444,Na9Nb7Zn5(PO4)18,mp,0.97689956,44.93052,43.892605,False,False,Other,0.9317276109299397,0.9982561089962048
445,Sr2ZnSi2O7,mp,0.93563765,46.89883,43.88031,False,False,Other,0.9317276109299397,0.9982561089962048
446,NaCa3Nb(SO4)6,mp,0.98065454,44.68132,43.81694,False,False,Other,0.9317276109299397,0.9982561089962048
447,Sr2HoGaCu2O7,mp,0.98229235,44.5608,43.771732,False,False,Cuprates,0.9592652819112489,0.9975619947569725
448,NaGaBP2H3O10,mp,0.9822374,44.554867,43.76346,False,False,Other,0.9317276109299397,0.9982561089962048
449,Ba4Y2Cu6O13,mp,0.9981438,43.80504,43.72373,False,True,Cuprates,0.9592652819112489,0.9975619947569725
450,YH5(SeO4)2,mp,0.98570216,44.336838,43.702915,False,False,Other,0.9317276109299397,0.9982561089962048
451,LiZnCr3(SO4)6,mp,0.96013796,45.505962,43.692,False,False,Other,0.9317276109299397,0.9982561089962048
452,NaCu2H2(SeO5)2,mp,0.9707583,44.967995,43.653053,False,False,Cuprates,0.9592652819112489,0.9975619947569725
453,RbAuO,mp,0.99528694,43.831726,43.625145,False,False,Other,0.9317276109299397,0.9982561089962048
454,Sr5Pb3F,mp,0.98283756,44.383026,43.621304,False,False,Other,0.9317276109299397,0.9982561089962048
455,CaZnAsHO5,mp,0.88294643,49.334743,43.559937,False,False,Other,0.9317276109299397,0.9982561089962048
456,NaHf2Zn2PS5O24,mp,0.9856899,44.143745,43.512043,False,False,Other,0.9317276109299397,0.9982561089962048
457,NaScZn(SO4)3,mp,0.970154,44.823627,43.48582,False,False,Other,0.9317276109299397,0.9982561089962048
458,Na3Hf2Zn2P3(SO8)3,mp,0.97943145,44.397552,43.48436,False,False,Other,0.9317276109299397,0.9982561089962048
459,Li4Fe3Ni3(SbO8)2,mp,0.81086564,53.57181,43.43954,False,False,Iron-based,0.6621809341899636,0.9091582989307337
460,BaFe2(P2O7)2,mp,0.92121524,47.13566,43.422085,False,False,Iron-based,0.6621809341899636,0.9091582989307337
461,LuP2H4NO7,mp,0.99151164,43.793255,43.42152,False,False,Other,0.9317276109299397,0.9982561089962048
462,NaCu(PO3)3,mp,0.9251709,46.905674,43.395763,False,False,Cuprates,0.9592652819112489,0.9975619947569725
463,LiCuSbO4,mp,0.88962805,48.778046,43.394318,False,False,Cuprates,0.9592652819112489,0.9975619947569725
464,KCu4(PO4)3,mp,0.92313105,46.999573,43.386765,False,False,Cuprates,0.9592652819112489,0.9975619947569725
465,Li2Cu2(SO4)3,mp,0.8486249,51.10371,43.36788,False,False,Cuprates,0.9592652819112489,0.9975619947569725
466,Na2Ca5Hf3(SO4)12,mp,0.9874127,43.919033,43.36621,False,False,Other,0.9317276109299397,0.9982561089962048
467,CaZnSi3O8,mp,0.9227413,46.994484,43.36375,False,False,Other,0.9317276109299397,0.9982561089962048
468,NaCa3IrO6,mp,0.9713019,44.64223,43.361084,False,False,Other,0.9317276109299397,0.9982561089962048
469,BaMgV2ZnO8,mp,0.9434278,45.89094,43.29479,False,False,Other,0.9317276109299397,0.9982561089962048
470,SrCrSn(PO4)3,mp,0.99305105,43.59157,43.28866,False,False,Other,0.9317276109299397,0.9982561089962048
471,NaMg2Nb2P3(SO8)3,mp,0.98970115,43.722023,43.271736,False,False,Other,0.9317276109299397,0.9982561089962048
472,KBe(H2N)3,mp,0.9653527,44.821148,43.268215,False,False,Other,0.9317276109299397,0.9982561089962048
473,Na2HfMg3(SO4)6,mp,0.98597324,43.852158,43.237053,False,False,Other,0.9317276109299397,0.9982561089962048
474,Na2Mg3Ti(SO4)6,mp,0.984903,43.89227,43.229626,False,False,Other,0.9317276109299397,0.9982561089962048
475,Ba2InCuO4,mp,0.9803153,44.089775,43.22188,False,False,Cuprates,0.9592652819112489,0.9975619947569725
476,Ca4Ta2(SO4)9,mp,0.9840925,43.91476,43.216187,False,False,Other,0.9317276109299397,0.9982561089962048
477,Li3Fe4SnO8,mp,0.95270324,45.36041,43.215008,False,False,Iron-based,0.6621809341899636,0.9091582989307337
478,Na2Cu2Si4H4O13,mp,0.9500587,45.483612,43.2121,False,False,Cuprates,0.9592652819112489,0.9975619947569725
479,Sr3CaIrO6,mp,0.9306647,46.4157,43.197453,False,False,Other,0.9317276109299397,0.9982561089962048
480,BaCr2(P2O7)2,mp,0.9914023,43.554703,43.180233,False,False,Other,0.9317276109299397,0.9982561089962048
481,Ca2AgSbO6,mp,0.9524423,45.2919,43.13792,False,False,Other,0.9317276109299397,0.9982561089962048
482,SrCaCr(PO4)2,mp,0.98596174,43.646683,43.03396,False,False,Other,0.9317276109299397,0.9982561089962048
483,Na2Zn3(SiO4)2,mp,0.86838126,49.548264,43.026783,False,False,Other,0.9317276109299397,0.9982561089962048
484,K6NaAu2IO8,mp,0.9773004,44.011448,43.012405,False,False,Other,0.9317276109299397,0.9982561089962048
485,Li4Fe3Sn2Sb3O16,mp,0.897136,47.93177,43.001316,False,False,Iron-based,0.6621809341899636,0.9091582989307337
486,SrCu(TeO3)2,mp,0.9305671,46.196568,42.989006,False,False,Cuprates,0.9592652819112489,0.9975619947569725
487,Ba8Y3Lu(CuO2)16,mp,0.69218725,62.093018,42.979996,False,False,Cuprates,0.9592652819112489,0.9975619947569725
488,Na2LiCu(PO3)4,mp,0.9245051,46.462456,42.954777,False,False,Cuprates,0.9592652819112489,0.9975619947569725
489,SrAuO2,mp,0.96500665,44.499992,42.942787,False,False,Other,0.9317276109299397,0.9982561089962048
490,Sr2Cu(OF)2,mp,0.98389554,43.63159,42.92893,True,True,Cuprates,0.9592652819112489,0.9975619947569725
491,Ba3V2P6(HO4)6,mp,0.9965879,43.06556,42.918613,False,False,Other,0.9317276109299397,0.9982561089962048
492,NaRh(SO4)2,mp,0.9238448,46.44079,42.904083,False,False,Other,0.9317276109299397,0.9982561089962048
493,Na2Ca5Zr3(SO4)12,mp,0.9883137,43.406357,42.899097,False,False,Other,0.9317276109299397,0.9982561089962048
494,Ca8Zn4Si3Ge5O28,mp,0.89994675,47.661274,42.89261,False,False,Other,0.9317276109299397,0.9982561089962048
495,KZnB(H2Cl)2,mp,0.97554785,43.94118,42.866726,False,False,Other,0.9317276109299397,0.9982561089962048
496,LiAg2P3(HO5)2,mp,0.94097733,45.54309,42.855015,False,False,Other,0.9317276109299397,0.9982561089962048
497,LiCu(PO3)2,mp,0.87099475,49.200268,42.853176,False,False,Cuprates,0.9592652819112489,0.9975619947569725
498,Ba8Bi4H2O,mp,0.9869257,43.37066,42.80362,False,False,Bismuthates,0.9566603899084717,0.9873107618568875
499,Li4Cr(TeO4)3,mp,0.88476956,48.3271,42.758347,False,False,Other,0.9317276109299397,0.9982561089962048
500,Ba4PrTm(Cu3O7)2,mp,0.99828404,42.823677,42.750195,False,True,Cuprates,0.9592652819112489,0.9975619947569725
