rank,feature,mean_abs_shap,value_shap_corr
1,MagpieData range Electronegativity,0.5554522,0.698646930244277
2,MagpieData mean CovalentRadius,0.5184032,0.7650500368603825
3,MagpieData mean MeltingT,0.39288104,0.8905156746296585
4,MagpieData mean NfUnfilled,0.34906438,-0.8293949970441198
5,MagpieData mean Electronegativity,0.3180428,-0.43804610210422185
6,MagpieData mode MeltingT,0.27657247,0.905966339278068
7,MagpieData mean NdValence,0.27020746,0.6035715573321749
8,MagpieData avg_dev Column,0.2503034,-0.6229321280686877
9,MagpieData avg_dev Electronegativity,0.22175199,-0.42209764796464455
10,MagpieData mean NpValence,0.2185483,-0.3494453252877148
11,MagpieData maximum NUnfilled,0.21337718,0.8864973738766219
12,MagpieData avg_dev NsValence,0.20224217,0.32653047815503655
13,MagpieData maximum GSvolume_pa,0.18872756,0.473745722713124
14,MagpieData maximum NValence,0.1751169,0.7749355263206846
15,MagpieData mode MendeleevNumber,0.17127642,-0.1335020917967195
16,MagpieData maximum MeltingT,0.17117676,0.8333603918077414
17,MagpieData avg_dev NdValence,0.14576374,0.2686012807413168
18,MagpieData avg_dev GSvolume_pa,0.14018443,-0.7332982820941393
19,MagpieData mean GSbandgap,0.13742924,-0.6828899819606531
20,MagpieData mean NUnfilled,0.13339326,0.4649881913590663
21,MagpieData avg_dev GSmagmom,0.12915102,0.42979415130591253
22,MagpieData range MeltingT,0.12184903,0.24421187744411185
23,MagpieData avg_dev Row,0.12072226,0.2854868343717261
24,MagpieData mean NpUnfilled,0.11958844,0.12388501714363388
25,MagpieData avg_dev NpValence,0.1178348,-0.6075738635851266
26,MagpieData avg_dev NValence,0.11478872,0.19762224517956753
27,MagpieData mean Column,0.1078656,0.5269331128321967
28,MagpieData mean NValence,0.107765116,-0.5647760274287597
29,MagpieData range MendeleevNumber,0.10683224,0.012342095992968871
30,MagpieData avg_dev SpaceGroupNumber,0.104563154,0.45146514725472725
31,MagpieData minimum MendeleevNumber,0.10361235,0.2733209995255961
32,MagpieData mean MendeleevNumber,0.09844558,-0.28039245054613043
33,MagpieData avg_dev MendeleevNumber,0.09416023,-0.133681391927638
34,MagpieData avg_dev MeltingT,0.09256815,-0.44845721157239965
35,MagpieData avg_dev NpUnfilled,0.091467336,-0.5504461961947709
36,MagpieData avg_dev NUnfilled,0.089773856,-0.5390262175486211
37,MagpieData avg_dev NdUnfilled,0.08833303,0.48437974388308946
38,MagpieData range Number,0.087960616,0.30455606908848426
39,MagpieData mean NdUnfilled,0.08377356,0.5916070153053576
40,MagpieData mean GSmagmom,0.07435292,-0.5574100778939277
